/*--------------------------------------
--本脚本由健新公司Maximo平台开发组魏明智采用Spring+Groovy架构生成--
PROMPT 工具当前版本为：V2013.07.03 for maximo7.5 ;
--生成脚本：impfile=D:\WORK\JXPLATFORM\开发库\源代码\INSTALL\JXADF-DEV\WORD2SQL\TEST\..\TEST\DOC\DDR20120412-请假管理详细设计说明书.DOC expfile=D:\WORK\JXPLATFORM\开发库\源代码\INSTALL\JXADF-DEV\WORD2SQL\TEST\..\TEST\SQL\LEAVE.SQL framework=J = = 
--在　wmzsoft　上生成本脚本。
--生成时间：2016年4月26日 14时0分33秒
-----------------------------------------*/

set define OFF

set feedback off

--sqlContext.xml 版本 2013.07.23
--set NLS_LANG=AMERICAN_AMERICA.ZHS16GBK
--set NLS_LANG=AMERICAN_AMERICA.AL32UTF8
set feedback off
set define on
set echo off
set newpage none
set linesize 500
set verify off
set pagesize 0
set term off
set trims on
set heading  off
set timing off
column dat1 new_value filename;
select 'LEAVE'||to_char(sysdate,'yyyymmddhh24miss') dat1 from dual;
spool &&filename..sql


--备份数据
select 'insert into  maxdomain (DOMAINID,DESCRIPTION,DOMAINTYPE,MAXTYPE,LENGTH,SCALE,MAXDOMAINID,INTERNAL) Values ('''||DOMAINID||''','''||DESCRIPTION||''','''||DOMAINTYPE||''','''||MAXTYPE||''','||NVL(LENGTH,0)||','||NVL(SCALE,0)||',MAXDOMAINSEQ.nextval,'||INTERNAL||');' as maxdomain from maxdomain where domainid='LEAVESTATUS';
select 'insert into  maxdomain (DOMAINID,DESCRIPTION,DOMAINTYPE,MAXTYPE,LENGTH,SCALE,MAXDOMAINID,INTERNAL) Values ('''||DOMAINID||''','''||DESCRIPTION||''','''||DOMAINTYPE||''','''||MAXTYPE||''','||NVL(LENGTH,0)||','||NVL(SCALE,0)||',MAXDOMAINSEQ.nextval,'||INTERNAL||');' as maxdomain from maxdomain where domainid='LEAVETYPE';
select 'insert into  SYNONYMDOMAIN (DOMAINID,DESCRIPTION,MAXVALUE,VALUE,DEFAULTS,ORGID,SITEID,SYNONYMDOMAINID,VALUEID) Values ('''||DOMAINID||''','''||DESCRIPTION||''','''||MAXVALUE||''','''||VALUE||''','||DEFAULTS||','''||ORGID||''','''||SITEID||''',SYNONYMDOMAINSEQ.nextval,'''||VALUEID||''');' as SYNONYMDOMAIN from SYNONYMDOMAIN where domainid='LEAVESTATUS';
select 'insert into  ALNDOMAIN (DOMAINID,DESCRIPTION,VALUE,ORGID,SITEID,ALNDOMAINID,VALUEID) Values ('''||DOMAINID||''','''||DESCRIPTION||''','''||VALUE||''','''||ORGID||''','''||SITEID||''',ALNDOMAINSEQ.nextval,'''||VALUEID||''');' as ALNDOMAIN from ALNDOMAIN where domainid='LEAVETYPE';

spool off
set define OFF;
spool install_LEAVE.log


--生成模块信息:综合管理：COMPLEX
delete from maxapps where APPTYPE='MODULE' AND APP='COMPLEX';
insert into maxapps (maxappsid, app, description, apptype) values (maxappsidseq.nextval,'COMPLEX', '综合管理' , 'MODULE');


--创建表信息
Drop Table LEAVE cascade constraints;
Create Table LEAVE( 
LEAVEID			 NUMBER(12) ,
LEAVENUM			 VARCHAR2(12)  NOT NULL,
DESCRIPTION			 VARCHAR2(512) ,
DEPARTMENTID			 VARCHAR2(64) ,
USERID			 VARCHAR2(32) ,
LEAVEDAYS			 NUMBER(10,2) ,
WFT_TRANSACTOR_ID			 VARCHAR2(512) ,
WFT_TRANSACTOR			 VARCHAR2(512) ,
WFT_INSTANCEID			 VARCHAR2(10) ,
WFT_STATUS			 VARCHAR2(30) ,
CHANGEBY			 VARCHAR2(32) ,
CHANGEDATE			 DATE ,
SITEID			 VARCHAR2(8) ,
ORGID			 VARCHAR2(8) ,
ROWSTAMP	VARCHAR2(40) 
);

--Drop trigger LEAVE_T;
CREATE OR REPLACE TRIGGER LEAVE_T BEFORE INSERT OR UPDATE ON LEAVE FOR EACH ROW 
  DECLARE NEXTVAL INTEGER;
  BEGIN 
      SELECT MAXSEQ.NEXTVAL INTO NEXTVAL FROM DUAL; 
      :NEW.ROWSTAMP := NEXTVAL; 
  END;
/

Drop Table LEAVELINE cascade constraints;
Create Table LEAVELINE( 
LEAVELINEID			 NUMBER(12) ,
LEAVENUM			 VARCHAR2(12) ,
LEAVETYPE			 VARCHAR2(12) ,
BEGINDATE			 DATE ,
ENDDATE			 DATE ,
SITEID			 VARCHAR2(8) ,
ORGID			 VARCHAR2(8) ,
ROWSTAMP	VARCHAR2(40) 
);

--Drop trigger LEAVELINE_T;
CREATE OR REPLACE TRIGGER LEAVELINE_T BEFORE INSERT OR UPDATE ON LEAVELINE FOR EACH ROW 
  DECLARE NEXTVAL INTEGER;
  BEGIN 
      SELECT MAXSEQ.NEXTVAL INTO NEXTVAL FROM DUAL; 
      :NEW.ROWSTAMP := NEXTVAL; 
  END;
/




--生成系统表信息


--删除信息
--:LEAVE
delete from autokey          where autokeyname in (select autokeyname from maxattribute where autokeyname is not null and objectname='LEAVE');
delete from maxtable         where TABLENAME='LEAVE';
delete from maxtablecfg      where TABLENAME='LEAVE';
delete from maxobject        where OBJECTNAME='LEAVE';
delete from maxobjectcfg     where OBJECTNAME='LEAVE';
delete from maxattribute     where OBJECTNAME='LEAVE';
delete from maxattributecfg  where OBJECTNAME='LEAVE';
delete from maxsequence      where TBNAME='LEAVE';
delete from maxsyskeys       where ixname in (select name from maxsysindexes where tbname='LEAVE');
delete from maxsysindexes    where tbname='LEAVE';
delete from maxlookupmap     where TARGET='LEAVE' or SOURCE='LEAVE';
delete from maxtabledomain   where objectname='LEAVE';
delete from longdescription  where ldownertable='LEAVE';
delete from maxrelationship  where parent='LEAVE';
delete from doclinks         where ownertable='LEAVE';
delete from MAXVIEW          where viewname='LEAVE';
delete from MAXVIEWCFG       where viewname='LEAVE';
delete from MAXVIEWCOLUMN    where viewname='LEAVE';
delete from MAXVIEWCOLUMNCFG where viewname='LEAVE';

--:LEAVELINE
delete from autokey          where autokeyname in (select autokeyname from maxattribute where autokeyname is not null and objectname='LEAVELINE');
delete from maxtable         where TABLENAME='LEAVELINE';
delete from maxtablecfg      where TABLENAME='LEAVELINE';
delete from maxobject        where OBJECTNAME='LEAVELINE';
delete from maxobjectcfg     where OBJECTNAME='LEAVELINE';
delete from maxattribute     where OBJECTNAME='LEAVELINE';
delete from maxattributecfg  where OBJECTNAME='LEAVELINE';
delete from maxsequence      where TBNAME='LEAVELINE';
delete from maxsyskeys       where ixname in (select name from maxsysindexes where tbname='LEAVELINE');
delete from maxsysindexes    where tbname='LEAVELINE';
delete from maxlookupmap     where TARGET='LEAVELINE' or SOURCE='LEAVELINE';
delete from maxtabledomain   where objectname='LEAVELINE';
delete from longdescription  where ldownertable='LEAVELINE';
delete from maxrelationship  where parent='LEAVELINE';
delete from doclinks         where ownertable='LEAVELINE';
delete from MAXVIEW          where viewname='LEAVELINE';
delete from MAXVIEWCFG       where viewname='LEAVELINE';
delete from MAXVIEWCOLUMN    where viewname='LEAVELINE';
delete from MAXVIEWCOLUMNCFG where viewname='LEAVELINE';



--TableName:LEAVE
insert into  maxtable     (TABLENAME,ADDROWSTAMP,EAUDITTBNAME,ISAUDITTABLE,STORAGEPARTITION,TEXTSEARCHENABLED,LANGTABLENAME,LANGCOLUMNNAME,UNIQUECOLUMNNAME,ISLANGTABLE,RESTOREDATA,MAXTABLEID,ALTIXNAME,TRIGROOT,CONTENTATTRIBUTE) Values ('LEAVE',1,null,0,'MAXIMO_DATA',0,null,'LANGCODE','LEAVEID',0,0,MAXTABLESEQ.nextval,null,'LEAVE',null);
insert into  maxtablecfg  (TABLENAME,ADDROWSTAMP,EAUDITTBNAME,ISAUDITTABLE,STORAGEPARTITION,TEXTSEARCHENABLED,LANGTABLENAME,LANGCOLUMNNAME,UNIQUECOLUMNNAME,ISLANGTABLE,RESTOREDATA,MAXTABLEID,ALTIXNAME,TRIGROOT,CONTENTATTRIBUTE) Values ('LEAVE',1,null,0,'MAXIMO_DATA',0,null,'LANGCODE','LEAVEID',0,0,MAXTABLECFGSEQ.nextval,null,'LEAVE',null);
insert into  maxobject    (OBJECTNAME,CLASSNAME,DESCRIPTION,EAUDITENABLED,EAUDITFILTER,ENTITYNAME,ESIGFILTER,EXTENDSOBJECT,IMPORTED,ISVIEW,PERSISTENT,SERVICENAME,SITEORGTYPE,USERDEFINED,MAINOBJECT,INTERNAL,MAXOBJECTID,TEXTDIRECTION) Values ('LEAVE','psdi.mbo.custapp.CustomMboSet','请假主表Leave',0,null,'LEAVE',null,null,0,0,1,'CUSTAPP','地点',1,1,0,MAXOBJECTSEQ.nextval,null);
insert into  maxobjectcfg (OBJECTNAME,CLASSNAME,DESCRIPTION,EAUDITENABLED,EAUDITFILTER,ENTITYNAME,ESIGFILTER,EXTENDSOBJECT,IMPORTED,ISVIEW,PERSISTENT,SERVICENAME,SITEORGTYPE,USERDEFINED,CHANGED,MAINOBJECT,INTERNAL,MAXOBJECTID,TEXTDIRECTION) Values ('LEAVE','psdi.mbo.custapp.CustomMboSet','请假主表Leave',0,null,'LEAVE',null,null,0,0,1,'CUSTAPP','地点',1,'N',1,0,MAXOBJECTCFGSEQ.nextval,null);
insert into  maxattribute    (OBJECTNAME,ATTRIBUTENAME,ALIAS,AUTOKEYNAME,ATTRIBUTENO,CANAUTONUM,CLASSNAME,COLUMNNAME,DEFAULTVALUE,DOMAINID,EAUDITENABLED,ENTITYNAME,ESIGENABLED,ISLDOWNER,ISPOSITIVE,LENGTH,MAXTYPE,MUSTBE,REQUIRED,PERSISTENT,PRIMARYKEYCOLSEQ,REMARKS,SAMEASATTRIBUTE,SAMEASOBJECT,SCALE,TITLE,USERDEFINED,SEARCHTYPE,MLSUPPORTED,MLINUSE,HANDLECOLUMNNAME,MAXATTRIBUTEID,LOCALIZABLE,RESTRICTED,TEXTDIRECTION,COMPLEXEXPRESSION) Values ('LEAVE','LEAVEID','LEAVEID','',1,0,'','LEAVEID','','',0,'LEAVE',0,0,0,12,'INTEGER',1,1,1,1,'唯一标识，系统自动生成，不要改。','','',0,'请假标识',1,'EXACT',0,0,null,MAXATTRIBUTESEQ.nextval,0,0,null,null);
insert into  maxattributecfg (OBJECTNAME,ATTRIBUTENAME,ALIAS,AUTOKEYNAME,ATTRIBUTENO,CANAUTONUM,CLASSNAME,COLUMNNAME,DEFAULTVALUE,DOMAINID,EAUDITENABLED,ENTITYNAME,ESIGENABLED,ISLDOWNER,ISPOSITIVE,LENGTH,MAXTYPE,MUSTBE,REQUIRED,PERSISTENT,PRIMARYKEYCOLSEQ,REMARKS,SAMEASATTRIBUTE,SAMEASOBJECT,SCALE,TITLE,USERDEFINED,CHANGED,SEARCHTYPE,MLSUPPORTED,MLINUSE,HANDLECOLUMNNAME,MAXATTRIBUTEID,RESTRICTED,LOCALIZABLE,TEXTDIRECTION,COMPLEXEXPRESSION) Values ('LEAVE','LEAVEID','LEAVEID','',1,0,'','LEAVEID','','',0,'LEAVE',0,0,0,12,'INTEGER',1,1,1,1,'唯一标识，系统自动生成，不要改。','','',0,'请假标识',1,'N','EXACT',0,0,null,MAXATTRIBUTECFGSEQ.nextval,0,0,null,null);
insert into  maxattribute    (OBJECTNAME,ATTRIBUTENAME,ALIAS,AUTOKEYNAME,ATTRIBUTENO,CANAUTONUM,CLASSNAME,COLUMNNAME,DEFAULTVALUE,DOMAINID,EAUDITENABLED,ENTITYNAME,ESIGENABLED,ISLDOWNER,ISPOSITIVE,LENGTH,MAXTYPE,MUSTBE,REQUIRED,PERSISTENT,PRIMARYKEYCOLSEQ,REMARKS,SAMEASATTRIBUTE,SAMEASOBJECT,SCALE,TITLE,USERDEFINED,SEARCHTYPE,MLSUPPORTED,MLINUSE,HANDLECOLUMNNAME,MAXATTRIBUTEID,LOCALIZABLE,RESTRICTED,TEXTDIRECTION,COMPLEXEXPRESSION) Values ('LEAVE','LEAVENUM','LEAVENUM','LEAVENUM',2,1,'','LEAVENUM','&AUTOKEY&','',0,'LEAVE',0,0,0,12,'UPPER',1,1,1,null,'自动编号 AUTOKEY','','',0,'请假单号',1,'WILDCARD',0,0,null,MAXATTRIBUTESEQ.nextval,0,0,null,null);
insert into  maxattributecfg (OBJECTNAME,ATTRIBUTENAME,ALIAS,AUTOKEYNAME,ATTRIBUTENO,CANAUTONUM,CLASSNAME,COLUMNNAME,DEFAULTVALUE,DOMAINID,EAUDITENABLED,ENTITYNAME,ESIGENABLED,ISLDOWNER,ISPOSITIVE,LENGTH,MAXTYPE,MUSTBE,REQUIRED,PERSISTENT,PRIMARYKEYCOLSEQ,REMARKS,SAMEASATTRIBUTE,SAMEASOBJECT,SCALE,TITLE,USERDEFINED,CHANGED,SEARCHTYPE,MLSUPPORTED,MLINUSE,HANDLECOLUMNNAME,MAXATTRIBUTEID,RESTRICTED,LOCALIZABLE,TEXTDIRECTION,COMPLEXEXPRESSION) Values ('LEAVE','LEAVENUM','LEAVENUM','LEAVENUM',2,1,'','LEAVENUM','&AUTOKEY&','',0,'LEAVE',0,0,0,12,'UPPER',1,1,1,null,'自动编号 AUTOKEY','','',0,'请假单号',1,'N','WILDCARD',0,0,null,MAXATTRIBUTECFGSEQ.nextval,0,0,null,null);
insert into  maxattribute    (OBJECTNAME,ATTRIBUTENAME,ALIAS,AUTOKEYNAME,ATTRIBUTENO,CANAUTONUM,CLASSNAME,COLUMNNAME,DEFAULTVALUE,DOMAINID,EAUDITENABLED,ENTITYNAME,ESIGENABLED,ISLDOWNER,ISPOSITIVE,LENGTH,MAXTYPE,MUSTBE,REQUIRED,PERSISTENT,PRIMARYKEYCOLSEQ,REMARKS,SAMEASATTRIBUTE,SAMEASOBJECT,SCALE,TITLE,USERDEFINED,SEARCHTYPE,MLSUPPORTED,MLINUSE,HANDLECOLUMNNAME,MAXATTRIBUTEID,LOCALIZABLE,RESTRICTED,TEXTDIRECTION,COMPLEXEXPRESSION) Values ('LEAVE','DESCRIPTION','DESCRIPTION','',3,0,'','DESCRIPTION','','',0,'LEAVE',0,0,0,512,'ALN',0,0,1,null,'描述','','',0,'描述',1,'WILDCARD',0,0,null,MAXATTRIBUTESEQ.nextval,0,0,null,null);
insert into  maxattributecfg (OBJECTNAME,ATTRIBUTENAME,ALIAS,AUTOKEYNAME,ATTRIBUTENO,CANAUTONUM,CLASSNAME,COLUMNNAME,DEFAULTVALUE,DOMAINID,EAUDITENABLED,ENTITYNAME,ESIGENABLED,ISLDOWNER,ISPOSITIVE,LENGTH,MAXTYPE,MUSTBE,REQUIRED,PERSISTENT,PRIMARYKEYCOLSEQ,REMARKS,SAMEASATTRIBUTE,SAMEASOBJECT,SCALE,TITLE,USERDEFINED,CHANGED,SEARCHTYPE,MLSUPPORTED,MLINUSE,HANDLECOLUMNNAME,MAXATTRIBUTEID,RESTRICTED,LOCALIZABLE,TEXTDIRECTION,COMPLEXEXPRESSION) Values ('LEAVE','DESCRIPTION','DESCRIPTION','',3,0,'','DESCRIPTION','','',0,'LEAVE',0,0,0,512,'ALN',0,0,1,null,'描述','','',0,'描述',1,'N','WILDCARD',0,0,null,MAXATTRIBUTECFGSEQ.nextval,0,0,null,null);
insert into  maxattribute    (OBJECTNAME,ATTRIBUTENAME,ALIAS,AUTOKEYNAME,ATTRIBUTENO,CANAUTONUM,CLASSNAME,COLUMNNAME,DEFAULTVALUE,DOMAINID,EAUDITENABLED,ENTITYNAME,ESIGENABLED,ISLDOWNER,ISPOSITIVE,LENGTH,MAXTYPE,MUSTBE,REQUIRED,PERSISTENT,PRIMARYKEYCOLSEQ,REMARKS,SAMEASATTRIBUTE,SAMEASOBJECT,SCALE,TITLE,USERDEFINED,SEARCHTYPE,MLSUPPORTED,MLINUSE,HANDLECOLUMNNAME,MAXATTRIBUTEID,LOCALIZABLE,RESTRICTED,TEXTDIRECTION,COMPLEXEXPRESSION) Values ('LEAVE','DEPARTMENTID','DEPARTMENTID','',4,0,'','DEPARTMENTID','','',0,'LEAVE',0,0,0,64,'UPPER',0,0,1,null,'=PUB_DEPARTMENT.department_id','DEPARTMENT_ID','PUB_DEPARTMENT',0,'请假部门',1,'WILDCARD',0,0,null,MAXATTRIBUTESEQ.nextval,0,0,null,null);
insert into  maxattributecfg (OBJECTNAME,ATTRIBUTENAME,ALIAS,AUTOKEYNAME,ATTRIBUTENO,CANAUTONUM,CLASSNAME,COLUMNNAME,DEFAULTVALUE,DOMAINID,EAUDITENABLED,ENTITYNAME,ESIGENABLED,ISLDOWNER,ISPOSITIVE,LENGTH,MAXTYPE,MUSTBE,REQUIRED,PERSISTENT,PRIMARYKEYCOLSEQ,REMARKS,SAMEASATTRIBUTE,SAMEASOBJECT,SCALE,TITLE,USERDEFINED,CHANGED,SEARCHTYPE,MLSUPPORTED,MLINUSE,HANDLECOLUMNNAME,MAXATTRIBUTEID,RESTRICTED,LOCALIZABLE,TEXTDIRECTION,COMPLEXEXPRESSION) Values ('LEAVE','DEPARTMENTID','DEPARTMENTID','',4,0,'','DEPARTMENTID','','',0,'LEAVE',0,0,0,64,'UPPER',0,0,1,null,'=PUB_DEPARTMENT.department_id','DEPARTMENT_ID','PUB_DEPARTMENT',0,'请假部门',1,'N','WILDCARD',0,0,null,MAXATTRIBUTECFGSEQ.nextval,0,0,null,null);
insert into  maxattribute    (OBJECTNAME,ATTRIBUTENAME,ALIAS,AUTOKEYNAME,ATTRIBUTENO,CANAUTONUM,CLASSNAME,COLUMNNAME,DEFAULTVALUE,DOMAINID,EAUDITENABLED,ENTITYNAME,ESIGENABLED,ISLDOWNER,ISPOSITIVE,LENGTH,MAXTYPE,MUSTBE,REQUIRED,PERSISTENT,PRIMARYKEYCOLSEQ,REMARKS,SAMEASATTRIBUTE,SAMEASOBJECT,SCALE,TITLE,USERDEFINED,SEARCHTYPE,MLSUPPORTED,MLINUSE,HANDLECOLUMNNAME,MAXATTRIBUTEID,LOCALIZABLE,RESTRICTED,TEXTDIRECTION,COMPLEXEXPRESSION) Values ('LEAVE','USERID','USERID','',5,0,'','USERID','','',0,'LEAVE',0,0,0,32,'UPPER',0,0,1,null,'=PUB_USER.USER_ID','USER_ID','PUB_USER',0,'请假人',1,'WILDCARD',0,0,null,MAXATTRIBUTESEQ.nextval,0,0,null,null);
insert into  maxattributecfg (OBJECTNAME,ATTRIBUTENAME,ALIAS,AUTOKEYNAME,ATTRIBUTENO,CANAUTONUM,CLASSNAME,COLUMNNAME,DEFAULTVALUE,DOMAINID,EAUDITENABLED,ENTITYNAME,ESIGENABLED,ISLDOWNER,ISPOSITIVE,LENGTH,MAXTYPE,MUSTBE,REQUIRED,PERSISTENT,PRIMARYKEYCOLSEQ,REMARKS,SAMEASATTRIBUTE,SAMEASOBJECT,SCALE,TITLE,USERDEFINED,CHANGED,SEARCHTYPE,MLSUPPORTED,MLINUSE,HANDLECOLUMNNAME,MAXATTRIBUTEID,RESTRICTED,LOCALIZABLE,TEXTDIRECTION,COMPLEXEXPRESSION) Values ('LEAVE','USERID','USERID','',5,0,'','USERID','','',0,'LEAVE',0,0,0,32,'UPPER',0,0,1,null,'=PUB_USER.USER_ID','USER_ID','PUB_USER',0,'请假人',1,'N','WILDCARD',0,0,null,MAXATTRIBUTECFGSEQ.nextval,0,0,null,null);
insert into  maxattribute    (OBJECTNAME,ATTRIBUTENAME,ALIAS,AUTOKEYNAME,ATTRIBUTENO,CANAUTONUM,CLASSNAME,COLUMNNAME,DEFAULTVALUE,DOMAINID,EAUDITENABLED,ENTITYNAME,ESIGENABLED,ISLDOWNER,ISPOSITIVE,LENGTH,MAXTYPE,MUSTBE,REQUIRED,PERSISTENT,PRIMARYKEYCOLSEQ,REMARKS,SAMEASATTRIBUTE,SAMEASOBJECT,SCALE,TITLE,USERDEFINED,SEARCHTYPE,MLSUPPORTED,MLINUSE,HANDLECOLUMNNAME,MAXATTRIBUTEID,LOCALIZABLE,RESTRICTED,TEXTDIRECTION,COMPLEXEXPRESSION) Values ('LEAVE','LEAVEDAYS','LEAVEDAYS','',6,0,'','LEAVEDAYS','','',0,'LEAVE',0,0,0,10,'NUMBER',0,0,1,null,'无','','',2,'合计天数',1,'EXACT',0,0,null,MAXATTRIBUTESEQ.nextval,0,0,null,null);
insert into  maxattributecfg (OBJECTNAME,ATTRIBUTENAME,ALIAS,AUTOKEYNAME,ATTRIBUTENO,CANAUTONUM,CLASSNAME,COLUMNNAME,DEFAULTVALUE,DOMAINID,EAUDITENABLED,ENTITYNAME,ESIGENABLED,ISLDOWNER,ISPOSITIVE,LENGTH,MAXTYPE,MUSTBE,REQUIRED,PERSISTENT,PRIMARYKEYCOLSEQ,REMARKS,SAMEASATTRIBUTE,SAMEASOBJECT,SCALE,TITLE,USERDEFINED,CHANGED,SEARCHTYPE,MLSUPPORTED,MLINUSE,HANDLECOLUMNNAME,MAXATTRIBUTEID,RESTRICTED,LOCALIZABLE,TEXTDIRECTION,COMPLEXEXPRESSION) Values ('LEAVE','LEAVEDAYS','LEAVEDAYS','',6,0,'','LEAVEDAYS','','',0,'LEAVE',0,0,0,10,'NUMBER',0,0,1,null,'无','','',2,'合计天数',1,'N','EXACT',0,0,null,MAXATTRIBUTECFGSEQ.nextval,0,0,null,null);
insert into  maxattribute    (OBJECTNAME,ATTRIBUTENAME,ALIAS,AUTOKEYNAME,ATTRIBUTENO,CANAUTONUM,CLASSNAME,COLUMNNAME,DEFAULTVALUE,DOMAINID,EAUDITENABLED,ENTITYNAME,ESIGENABLED,ISLDOWNER,ISPOSITIVE,LENGTH,MAXTYPE,MUSTBE,REQUIRED,PERSISTENT,PRIMARYKEYCOLSEQ,REMARKS,SAMEASATTRIBUTE,SAMEASOBJECT,SCALE,TITLE,USERDEFINED,SEARCHTYPE,MLSUPPORTED,MLINUSE,HANDLECOLUMNNAME,MAXATTRIBUTEID,LOCALIZABLE,RESTRICTED,TEXTDIRECTION,COMPLEXEXPRESSION) Values ('LEAVE','WFT_TRANSACTOR_ID','WFT_TRANSACTOR_ID','',7,0,'','WFT_TRANSACTOR_ID','','',0,'LEAVE',0,0,0,512,'UPPER',0,0,1,null,'存放PUB_USER.USER_ID','','',0,'当前处理人ID',1,'WILDCARD',0,0,null,MAXATTRIBUTESEQ.nextval,0,0,null,null);
insert into  maxattributecfg (OBJECTNAME,ATTRIBUTENAME,ALIAS,AUTOKEYNAME,ATTRIBUTENO,CANAUTONUM,CLASSNAME,COLUMNNAME,DEFAULTVALUE,DOMAINID,EAUDITENABLED,ENTITYNAME,ESIGENABLED,ISLDOWNER,ISPOSITIVE,LENGTH,MAXTYPE,MUSTBE,REQUIRED,PERSISTENT,PRIMARYKEYCOLSEQ,REMARKS,SAMEASATTRIBUTE,SAMEASOBJECT,SCALE,TITLE,USERDEFINED,CHANGED,SEARCHTYPE,MLSUPPORTED,MLINUSE,HANDLECOLUMNNAME,MAXATTRIBUTEID,RESTRICTED,LOCALIZABLE,TEXTDIRECTION,COMPLEXEXPRESSION) Values ('LEAVE','WFT_TRANSACTOR_ID','WFT_TRANSACTOR_ID','',7,0,'','WFT_TRANSACTOR_ID','','',0,'LEAVE',0,0,0,512,'UPPER',0,0,1,null,'存放PUB_USER.USER_ID','','',0,'当前处理人ID',1,'N','WILDCARD',0,0,null,MAXATTRIBUTECFGSEQ.nextval,0,0,null,null);
insert into  maxattribute    (OBJECTNAME,ATTRIBUTENAME,ALIAS,AUTOKEYNAME,ATTRIBUTENO,CANAUTONUM,CLASSNAME,COLUMNNAME,DEFAULTVALUE,DOMAINID,EAUDITENABLED,ENTITYNAME,ESIGENABLED,ISLDOWNER,ISPOSITIVE,LENGTH,MAXTYPE,MUSTBE,REQUIRED,PERSISTENT,PRIMARYKEYCOLSEQ,REMARKS,SAMEASATTRIBUTE,SAMEASOBJECT,SCALE,TITLE,USERDEFINED,SEARCHTYPE,MLSUPPORTED,MLINUSE,HANDLECOLUMNNAME,MAXATTRIBUTEID,LOCALIZABLE,RESTRICTED,TEXTDIRECTION,COMPLEXEXPRESSION) Values ('LEAVE','WFT_TRANSACTOR','WFT_TRANSACTOR','',8,0,'','WFT_TRANSACTOR','','',0,'LEAVE',0,0,0,512,'ALN',0,0,1,null,'存放PUB_USER.NAME','','',0,'当前处理人',1,'WILDCARD',0,0,null,MAXATTRIBUTESEQ.nextval,0,0,null,null);
insert into  maxattributecfg (OBJECTNAME,ATTRIBUTENAME,ALIAS,AUTOKEYNAME,ATTRIBUTENO,CANAUTONUM,CLASSNAME,COLUMNNAME,DEFAULTVALUE,DOMAINID,EAUDITENABLED,ENTITYNAME,ESIGENABLED,ISLDOWNER,ISPOSITIVE,LENGTH,MAXTYPE,MUSTBE,REQUIRED,PERSISTENT,PRIMARYKEYCOLSEQ,REMARKS,SAMEASATTRIBUTE,SAMEASOBJECT,SCALE,TITLE,USERDEFINED,CHANGED,SEARCHTYPE,MLSUPPORTED,MLINUSE,HANDLECOLUMNNAME,MAXATTRIBUTEID,RESTRICTED,LOCALIZABLE,TEXTDIRECTION,COMPLEXEXPRESSION) Values ('LEAVE','WFT_TRANSACTOR','WFT_TRANSACTOR','',8,0,'','WFT_TRANSACTOR','','',0,'LEAVE',0,0,0,512,'ALN',0,0,1,null,'存放PUB_USER.NAME','','',0,'当前处理人',1,'N','WILDCARD',0,0,null,MAXATTRIBUTECFGSEQ.nextval,0,0,null,null);
insert into  maxattribute    (OBJECTNAME,ATTRIBUTENAME,ALIAS,AUTOKEYNAME,ATTRIBUTENO,CANAUTONUM,CLASSNAME,COLUMNNAME,DEFAULTVALUE,DOMAINID,EAUDITENABLED,ENTITYNAME,ESIGENABLED,ISLDOWNER,ISPOSITIVE,LENGTH,MAXTYPE,MUSTBE,REQUIRED,PERSISTENT,PRIMARYKEYCOLSEQ,REMARKS,SAMEASATTRIBUTE,SAMEASOBJECT,SCALE,TITLE,USERDEFINED,SEARCHTYPE,MLSUPPORTED,MLINUSE,HANDLECOLUMNNAME,MAXATTRIBUTEID,LOCALIZABLE,RESTRICTED,TEXTDIRECTION,COMPLEXEXPRESSION) Values ('LEAVE','WFT_INSTANCEID','WFT_INSTANCEID','',9,0,'','WFT_INSTANCEID','','',0,'LEAVE',0,0,0,10,'ALN',0,0,1,null,'无','','',0,'工作流实例ID',1,'WILDCARD',0,0,null,MAXATTRIBUTESEQ.nextval,0,0,null,null);
insert into  maxattributecfg (OBJECTNAME,ATTRIBUTENAME,ALIAS,AUTOKEYNAME,ATTRIBUTENO,CANAUTONUM,CLASSNAME,COLUMNNAME,DEFAULTVALUE,DOMAINID,EAUDITENABLED,ENTITYNAME,ESIGENABLED,ISLDOWNER,ISPOSITIVE,LENGTH,MAXTYPE,MUSTBE,REQUIRED,PERSISTENT,PRIMARYKEYCOLSEQ,REMARKS,SAMEASATTRIBUTE,SAMEASOBJECT,SCALE,TITLE,USERDEFINED,CHANGED,SEARCHTYPE,MLSUPPORTED,MLINUSE,HANDLECOLUMNNAME,MAXATTRIBUTEID,RESTRICTED,LOCALIZABLE,TEXTDIRECTION,COMPLEXEXPRESSION) Values ('LEAVE','WFT_INSTANCEID','WFT_INSTANCEID','',9,0,'','WFT_INSTANCEID','','',0,'LEAVE',0,0,0,10,'ALN',0,0,1,null,'无','','',0,'工作流实例ID',1,'N','WILDCARD',0,0,null,MAXATTRIBUTECFGSEQ.nextval,0,0,null,null);
insert into  maxattribute    (OBJECTNAME,ATTRIBUTENAME,ALIAS,AUTOKEYNAME,ATTRIBUTENO,CANAUTONUM,CLASSNAME,COLUMNNAME,DEFAULTVALUE,DOMAINID,EAUDITENABLED,ENTITYNAME,ESIGENABLED,ISLDOWNER,ISPOSITIVE,LENGTH,MAXTYPE,MUSTBE,REQUIRED,PERSISTENT,PRIMARYKEYCOLSEQ,REMARKS,SAMEASATTRIBUTE,SAMEASOBJECT,SCALE,TITLE,USERDEFINED,SEARCHTYPE,MLSUPPORTED,MLINUSE,HANDLECOLUMNNAME,MAXATTRIBUTEID,LOCALIZABLE,RESTRICTED,TEXTDIRECTION,COMPLEXEXPRESSION) Values ('LEAVE','WFT_STATUS','WFT_STATUS','',10,0,'','WFT_STATUS','','LEAVESTATUS',0,'LEAVE',0,0,0,30,'ALN',0,0,1,null,'值列表：LEAVESTATUS','','',0,'状态',1,'WILDCARD',0,0,null,MAXATTRIBUTESEQ.nextval,0,0,null,null);
insert into  maxattributecfg (OBJECTNAME,ATTRIBUTENAME,ALIAS,AUTOKEYNAME,ATTRIBUTENO,CANAUTONUM,CLASSNAME,COLUMNNAME,DEFAULTVALUE,DOMAINID,EAUDITENABLED,ENTITYNAME,ESIGENABLED,ISLDOWNER,ISPOSITIVE,LENGTH,MAXTYPE,MUSTBE,REQUIRED,PERSISTENT,PRIMARYKEYCOLSEQ,REMARKS,SAMEASATTRIBUTE,SAMEASOBJECT,SCALE,TITLE,USERDEFINED,CHANGED,SEARCHTYPE,MLSUPPORTED,MLINUSE,HANDLECOLUMNNAME,MAXATTRIBUTEID,RESTRICTED,LOCALIZABLE,TEXTDIRECTION,COMPLEXEXPRESSION) Values ('LEAVE','WFT_STATUS','WFT_STATUS','',10,0,'','WFT_STATUS','','LEAVESTATUS',0,'LEAVE',0,0,0,30,'ALN',0,0,1,null,'值列表：LEAVESTATUS','','',0,'状态',1,'N','WILDCARD',0,0,null,MAXATTRIBUTECFGSEQ.nextval,0,0,null,null);
insert into  maxattribute    (OBJECTNAME,ATTRIBUTENAME,ALIAS,AUTOKEYNAME,ATTRIBUTENO,CANAUTONUM,CLASSNAME,COLUMNNAME,DEFAULTVALUE,DOMAINID,EAUDITENABLED,ENTITYNAME,ESIGENABLED,ISLDOWNER,ISPOSITIVE,LENGTH,MAXTYPE,MUSTBE,REQUIRED,PERSISTENT,PRIMARYKEYCOLSEQ,REMARKS,SAMEASATTRIBUTE,SAMEASOBJECT,SCALE,TITLE,USERDEFINED,SEARCHTYPE,MLSUPPORTED,MLINUSE,HANDLECOLUMNNAME,MAXATTRIBUTEID,LOCALIZABLE,RESTRICTED,TEXTDIRECTION,COMPLEXEXPRESSION) Values ('LEAVE','CHANGEBY','CHANGEBY','',11,0,'','CHANGEBY','','',0,'LEAVE',0,0,0,32,'UPPER',0,0,1,null,'=PUB_USER.USER_ID','USER_ID','PUB_USER',0,'更改人',1,'WILDCARD',0,0,null,MAXATTRIBUTESEQ.nextval,0,0,null,null);
insert into  maxattributecfg (OBJECTNAME,ATTRIBUTENAME,ALIAS,AUTOKEYNAME,ATTRIBUTENO,CANAUTONUM,CLASSNAME,COLUMNNAME,DEFAULTVALUE,DOMAINID,EAUDITENABLED,ENTITYNAME,ESIGENABLED,ISLDOWNER,ISPOSITIVE,LENGTH,MAXTYPE,MUSTBE,REQUIRED,PERSISTENT,PRIMARYKEYCOLSEQ,REMARKS,SAMEASATTRIBUTE,SAMEASOBJECT,SCALE,TITLE,USERDEFINED,CHANGED,SEARCHTYPE,MLSUPPORTED,MLINUSE,HANDLECOLUMNNAME,MAXATTRIBUTEID,RESTRICTED,LOCALIZABLE,TEXTDIRECTION,COMPLEXEXPRESSION) Values ('LEAVE','CHANGEBY','CHANGEBY','',11,0,'','CHANGEBY','','',0,'LEAVE',0,0,0,32,'UPPER',0,0,1,null,'=PUB_USER.USER_ID','USER_ID','PUB_USER',0,'更改人',1,'N','WILDCARD',0,0,null,MAXATTRIBUTECFGSEQ.nextval,0,0,null,null);
insert into  maxattribute    (OBJECTNAME,ATTRIBUTENAME,ALIAS,AUTOKEYNAME,ATTRIBUTENO,CANAUTONUM,CLASSNAME,COLUMNNAME,DEFAULTVALUE,DOMAINID,EAUDITENABLED,ENTITYNAME,ESIGENABLED,ISLDOWNER,ISPOSITIVE,LENGTH,MAXTYPE,MUSTBE,REQUIRED,PERSISTENT,PRIMARYKEYCOLSEQ,REMARKS,SAMEASATTRIBUTE,SAMEASOBJECT,SCALE,TITLE,USERDEFINED,SEARCHTYPE,MLSUPPORTED,MLINUSE,HANDLECOLUMNNAME,MAXATTRIBUTEID,LOCALIZABLE,RESTRICTED,TEXTDIRECTION,COMPLEXEXPRESSION) Values ('LEAVE','CHANGEDATE','CHANGEDATE','',12,0,'','CHANGEDATE','&SYSDATE&','',0,'LEAVE',0,0,0,10,'DATETIME',0,0,1,null,'默认值：sysdate,只读显示','','',0,'更改时间',1,'EXACT',0,0,null,MAXATTRIBUTESEQ.nextval,0,0,null,null);
insert into  maxattributecfg (OBJECTNAME,ATTRIBUTENAME,ALIAS,AUTOKEYNAME,ATTRIBUTENO,CANAUTONUM,CLASSNAME,COLUMNNAME,DEFAULTVALUE,DOMAINID,EAUDITENABLED,ENTITYNAME,ESIGENABLED,ISLDOWNER,ISPOSITIVE,LENGTH,MAXTYPE,MUSTBE,REQUIRED,PERSISTENT,PRIMARYKEYCOLSEQ,REMARKS,SAMEASATTRIBUTE,SAMEASOBJECT,SCALE,TITLE,USERDEFINED,CHANGED,SEARCHTYPE,MLSUPPORTED,MLINUSE,HANDLECOLUMNNAME,MAXATTRIBUTEID,RESTRICTED,LOCALIZABLE,TEXTDIRECTION,COMPLEXEXPRESSION) Values ('LEAVE','CHANGEDATE','CHANGEDATE','',12,0,'','CHANGEDATE','&SYSDATE&','',0,'LEAVE',0,0,0,10,'DATETIME',0,0,1,null,'默认值：sysdate,只读显示','','',0,'更改时间',1,'N','EXACT',0,0,null,MAXATTRIBUTECFGSEQ.nextval,0,0,null,null);
insert into  maxattribute    (OBJECTNAME,ATTRIBUTENAME,ALIAS,AUTOKEYNAME,ATTRIBUTENO,CANAUTONUM,CLASSNAME,COLUMNNAME,DEFAULTVALUE,DOMAINID,EAUDITENABLED,ENTITYNAME,ESIGENABLED,ISLDOWNER,ISPOSITIVE,LENGTH,MAXTYPE,MUSTBE,REQUIRED,PERSISTENT,PRIMARYKEYCOLSEQ,REMARKS,SAMEASATTRIBUTE,SAMEASOBJECT,SCALE,TITLE,USERDEFINED,SEARCHTYPE,MLSUPPORTED,MLINUSE,HANDLECOLUMNNAME,MAXATTRIBUTEID,LOCALIZABLE,RESTRICTED,TEXTDIRECTION,COMPLEXEXPRESSION) Values ('LEAVE','SITEID','SITEID','',13,0,'psdi.app.site.FldSiteID','SITEID','','',0,'LEAVE',0,0,0,8,'UPPER',0,0,1,2,'= SITE.SITEID','SITEID','SITE',0,'地点标识符',1,'WILDCARD',0,0,null,MAXATTRIBUTESEQ.nextval,0,0,null,null);
insert into  maxattributecfg (OBJECTNAME,ATTRIBUTENAME,ALIAS,AUTOKEYNAME,ATTRIBUTENO,CANAUTONUM,CLASSNAME,COLUMNNAME,DEFAULTVALUE,DOMAINID,EAUDITENABLED,ENTITYNAME,ESIGENABLED,ISLDOWNER,ISPOSITIVE,LENGTH,MAXTYPE,MUSTBE,REQUIRED,PERSISTENT,PRIMARYKEYCOLSEQ,REMARKS,SAMEASATTRIBUTE,SAMEASOBJECT,SCALE,TITLE,USERDEFINED,CHANGED,SEARCHTYPE,MLSUPPORTED,MLINUSE,HANDLECOLUMNNAME,MAXATTRIBUTEID,RESTRICTED,LOCALIZABLE,TEXTDIRECTION,COMPLEXEXPRESSION) Values ('LEAVE','SITEID','SITEID','',13,0,'psdi.app.site.FldSiteID','SITEID','','',0,'LEAVE',0,0,0,8,'UPPER',0,0,1,2,'= SITE.SITEID','SITEID','SITE',0,'地点标识符',1,'N','WILDCARD',0,0,null,MAXATTRIBUTECFGSEQ.nextval,0,0,null,null);
insert into  maxattribute    (OBJECTNAME,ATTRIBUTENAME,ALIAS,AUTOKEYNAME,ATTRIBUTENO,CANAUTONUM,CLASSNAME,COLUMNNAME,DEFAULTVALUE,DOMAINID,EAUDITENABLED,ENTITYNAME,ESIGENABLED,ISLDOWNER,ISPOSITIVE,LENGTH,MAXTYPE,MUSTBE,REQUIRED,PERSISTENT,PRIMARYKEYCOLSEQ,REMARKS,SAMEASATTRIBUTE,SAMEASOBJECT,SCALE,TITLE,USERDEFINED,SEARCHTYPE,MLSUPPORTED,MLINUSE,HANDLECOLUMNNAME,MAXATTRIBUTEID,LOCALIZABLE,RESTRICTED,TEXTDIRECTION,COMPLEXEXPRESSION) Values ('LEAVE','ORGID','ORGID','',14,0,'psdi.app.site.FldOrganizationID','ORGID','','',0,'LEAVE',0,0,0,8,'UPPER',0,0,1,null,'= ORGANIZATION.ORGID','ORGID','ORGANIZATION',0,'组织机构',1,'WILDCARD',0,0,null,MAXATTRIBUTESEQ.nextval,0,0,null,null);
insert into  maxattributecfg (OBJECTNAME,ATTRIBUTENAME,ALIAS,AUTOKEYNAME,ATTRIBUTENO,CANAUTONUM,CLASSNAME,COLUMNNAME,DEFAULTVALUE,DOMAINID,EAUDITENABLED,ENTITYNAME,ESIGENABLED,ISLDOWNER,ISPOSITIVE,LENGTH,MAXTYPE,MUSTBE,REQUIRED,PERSISTENT,PRIMARYKEYCOLSEQ,REMARKS,SAMEASATTRIBUTE,SAMEASOBJECT,SCALE,TITLE,USERDEFINED,CHANGED,SEARCHTYPE,MLSUPPORTED,MLINUSE,HANDLECOLUMNNAME,MAXATTRIBUTEID,RESTRICTED,LOCALIZABLE,TEXTDIRECTION,COMPLEXEXPRESSION) Values ('LEAVE','ORGID','ORGID','',14,0,'psdi.app.site.FldOrganizationID','ORGID','','',0,'LEAVE',0,0,0,8,'UPPER',0,0,1,null,'= ORGANIZATION.ORGID','ORGID','ORGANIZATION',0,'组织机构',1,'N','WILDCARD',0,0,null,MAXATTRIBUTECFGSEQ.nextval,0,0,null,null);
--maxsysindexes,maxsyskeys
insert into  maxsysindexes (NAME,TBNAME,UNIQUERULE,CHANGED,CLUSTERRULE,STORAGEPARTITION,REQUIRED,TEXTSEARCH,MAXSYSINDEXESID) Values ('LEAVE_NDX1','LEAVE','U','N',0,'MAXIMO_INDEX',1,0,MAXSYSINDEXESSEQ.nextval);
insert into  maxsyskeys (IXNAME,COLNAME,COLSEQ,ORDERING,CHANGED,MAXSYSKEYSID) Values ('LEAVE_NDX1','LEAVEID',1,'A','N',MAXSYSKEYSSEQ.nextval);
Drop Index LEAVE_NDX1;
Create  UNIQUE  Index LEAVE_NDX1 ON LEAVE(LEAVEID);

insert into  maxsysindexes (NAME,TBNAME,UNIQUERULE,CHANGED,CLUSTERRULE,STORAGEPARTITION,REQUIRED,TEXTSEARCH,MAXSYSINDEXESID) Values ('LEAVE_NDX2','LEAVE','U','N',0,'MAXIMO_INDEX',1,0,MAXSYSINDEXESSEQ.nextval);
insert into  maxsyskeys (IXNAME,COLNAME,COLSEQ,ORDERING,CHANGED,MAXSYSKEYSID) Values ('LEAVE_NDX2','LEAVEID',1,'A','N',MAXSYSKEYSSEQ.nextval);
insert into  maxsyskeys (IXNAME,COLNAME,COLSEQ,ORDERING,CHANGED,MAXSYSKEYSID) Values ('LEAVE_NDX2','SITEID',2,'A','N',MAXSYSKEYSSEQ.nextval);
Drop Index LEAVE_NDX2;
Create  UNIQUE  Index LEAVE_NDX2 ON LEAVE(LEAVEID,SITEID);

--maxrelationship
insert into  maxrelationship (NAME, PARENT, CHILD, WHERECLAUSE, REMARKS, MAXRELATIONSHIPID,  CARDINALITY, DBJOINREQUIRED)values ('LEAVEDEPARTMENTID', 'LEAVE', 'PUB_DEPARTMENT', 'DEPARTMENT_ID = :DEPARTMENTID ', 'WordToSql工具自动生成。', MAXRELATIONSHIPSEQ.Nextval, '未定义', 0);
insert into  maxrelationship (NAME, PARENT, CHILD, WHERECLAUSE, REMARKS, MAXRELATIONSHIPID,  CARDINALITY, DBJOINREQUIRED)values ('LEAVEDEPARTMENTIDP', 'PUB_DEPARTMENT', 'LEAVE', 'DEPARTMENTID = :DEPARTMENT_ID ', 'WordToSql工具自动生成P。', MAXRELATIONSHIPSEQ.Nextval, '未定义', 0);
insert into  maxrelationship (NAME, PARENT, CHILD, WHERECLAUSE, REMARKS, MAXRELATIONSHIPID,  CARDINALITY, DBJOINREQUIRED)values ('LEAVEUSERID', 'LEAVE', 'PUB_USER', 'USER_ID = :USERID ', 'WordToSql工具自动生成。', MAXRELATIONSHIPSEQ.Nextval, '未定义', 0);
insert into  maxrelationship (NAME, PARENT, CHILD, WHERECLAUSE, REMARKS, MAXRELATIONSHIPID,  CARDINALITY, DBJOINREQUIRED)values ('LEAVEUSERIDP', 'PUB_USER', 'LEAVE', 'USERID = :USER_ID ', 'WordToSql工具自动生成P。', MAXRELATIONSHIPSEQ.Nextval, '未定义', 0);
insert into  maxrelationship (NAME, PARENT, CHILD, WHERECLAUSE, REMARKS, MAXRELATIONSHIPID,  CARDINALITY, DBJOINREQUIRED)values ('WFT_STATUSDESC', 'LEAVE', 'SYNONYMDOMAIN', 'domainid=''LEAVESTATUS'' and value=:WFT_STATUS', 'WordToSql工具自动生成。', MAXRELATIONSHIPSEQ.Nextval, '未定义', 0);
insert into  maxrelationship (NAME, PARENT, CHILD, WHERECLAUSE, REMARKS, MAXRELATIONSHIPID,  CARDINALITY, DBJOINREQUIRED)values ('LEAVECHANGEBY', 'LEAVE', 'PUB_USER', 'USER_ID = :CHANGEBY ', 'WordToSql工具自动生成。', MAXRELATIONSHIPSEQ.Nextval, '未定义', 0);
insert into  maxrelationship (NAME, PARENT, CHILD, WHERECLAUSE, REMARKS, MAXRELATIONSHIPID,  CARDINALITY, DBJOINREQUIRED)values ('LEAVECHANGEBYP', 'PUB_USER', 'LEAVE', 'CHANGEBY = :USER_ID ', 'WordToSql工具自动生成P。', MAXRELATIONSHIPSEQ.Nextval, '未定义', 0);
insert into  maxrelationship (NAME, PARENT, CHILD, WHERECLAUSE, REMARKS, MAXRELATIONSHIPID,  CARDINALITY, DBJOINREQUIRED)values ('LEAVESITEID', 'LEAVE', 'SITE', 'SITEID = :SITEID ', 'WordToSql工具自动生成。', MAXRELATIONSHIPSEQ.Nextval, '未定义', 0);
insert into  maxrelationship (NAME, PARENT, CHILD, WHERECLAUSE, REMARKS, MAXRELATIONSHIPID,  CARDINALITY, DBJOINREQUIRED)values ('LEAVESITEIDP', 'SITE', 'LEAVE', 'SITEID = :SITEID ', 'WordToSql工具自动生成P。', MAXRELATIONSHIPSEQ.Nextval, '未定义', 0);
insert into  maxrelationship (NAME, PARENT, CHILD, WHERECLAUSE, REMARKS, MAXRELATIONSHIPID,  CARDINALITY, DBJOINREQUIRED)values ('LEAVEORGID', 'LEAVE', 'ORGANIZATION', 'ORGID = :ORGID ', 'WordToSql工具自动生成。', MAXRELATIONSHIPSEQ.Nextval, '未定义', 0);
insert into  maxrelationship (NAME, PARENT, CHILD, WHERECLAUSE, REMARKS, MAXRELATIONSHIPID,  CARDINALITY, DBJOINREQUIRED)values ('LEAVEORGIDP', 'ORGANIZATION', 'LEAVE', 'ORGID = :ORGID ', 'WordToSql工具自动生成P。', MAXRELATIONSHIPSEQ.Nextval, '未定义', 0);
insert into  maxrelationship (NAME, PARENT, CHILD, WHERECLAUSE, REMARKS, MAXRELATIONSHIPID,  CARDINALITY, DBJOINREQUIRED)values ('DOCLINKS', 'LEAVE', 'DOCLINKS', 'ownertable=''LEAVE'' and ownerid=:LEAVEID', 'WordToSql工具自动生成。', MAXRELATIONSHIPSEQ.Nextval, '未定义', 0);
--maxsequence
insert into  maxsequence (RANGE,NAME,MAXVALUE,TBNAME,SEQUENCENAME,MAXRESERVED,MAXSEQUENCEID) Values (null,'LEAVEID',null,'LEAVE','LEAVEIDSEQ',1,MAXSEQUENCESEQ.nextval);
Drop Sequence LEAVEIDSEQ;
Create Sequence LEAVEIDSEQ minvalue 1 maxvalue 999999999999999 start with 1 increment by 1 cache  20;
--Drop Index LEAVE_NDX;
--Create  unique  Index LEAVE_NDX On LEAVE (LEAVEID);
--autokey
insert into  autokey (PREFIX,SEED,ORGID,SITEID,AUTOKEYNAME,SETID,LANGCODE,AUTOKEYID) Values (null,1000,'JXKJ','','LEAVENUM',null,'ZH',AUTOKEYSEQ.nextval);

--TableName:LEAVELINE
insert into  maxtable     (TABLENAME,ADDROWSTAMP,EAUDITTBNAME,ISAUDITTABLE,STORAGEPARTITION,TEXTSEARCHENABLED,LANGTABLENAME,LANGCOLUMNNAME,UNIQUECOLUMNNAME,ISLANGTABLE,RESTOREDATA,MAXTABLEID,ALTIXNAME,TRIGROOT,CONTENTATTRIBUTE) Values ('LEAVELINE',1,null,0,'MAXIMO_DATA',0,null,'LANGCODE','LEAVELINEID',0,0,MAXTABLESEQ.nextval,null,'LEAVELINE',null);
insert into  maxtablecfg  (TABLENAME,ADDROWSTAMP,EAUDITTBNAME,ISAUDITTABLE,STORAGEPARTITION,TEXTSEARCHENABLED,LANGTABLENAME,LANGCOLUMNNAME,UNIQUECOLUMNNAME,ISLANGTABLE,RESTOREDATA,MAXTABLEID,ALTIXNAME,TRIGROOT,CONTENTATTRIBUTE) Values ('LEAVELINE',1,null,0,'MAXIMO_DATA',0,null,'LANGCODE','LEAVELINEID',0,0,MAXTABLECFGSEQ.nextval,null,'LEAVELINE',null);
insert into  maxobject    (OBJECTNAME,CLASSNAME,DESCRIPTION,EAUDITENABLED,EAUDITFILTER,ENTITYNAME,ESIGFILTER,EXTENDSOBJECT,IMPORTED,ISVIEW,PERSISTENT,SERVICENAME,SITEORGTYPE,USERDEFINED,MAINOBJECT,INTERNAL,MAXOBJECTID,TEXTDIRECTION) Values ('LEAVELINE','psdi.mbo.custapp.CustomMboSet','请假管理子表',0,null,'LEAVELINE',null,null,0,0,1,'CUSTAPP','地点',1,1,0,MAXOBJECTSEQ.nextval,null);
insert into  maxobjectcfg (OBJECTNAME,CLASSNAME,DESCRIPTION,EAUDITENABLED,EAUDITFILTER,ENTITYNAME,ESIGFILTER,EXTENDSOBJECT,IMPORTED,ISVIEW,PERSISTENT,SERVICENAME,SITEORGTYPE,USERDEFINED,CHANGED,MAINOBJECT,INTERNAL,MAXOBJECTID,TEXTDIRECTION) Values ('LEAVELINE','psdi.mbo.custapp.CustomMboSet','请假管理子表',0,null,'LEAVELINE',null,null,0,0,1,'CUSTAPP','地点',1,'N',1,0,MAXOBJECTCFGSEQ.nextval,null);
insert into  maxattribute    (OBJECTNAME,ATTRIBUTENAME,ALIAS,AUTOKEYNAME,ATTRIBUTENO,CANAUTONUM,CLASSNAME,COLUMNNAME,DEFAULTVALUE,DOMAINID,EAUDITENABLED,ENTITYNAME,ESIGENABLED,ISLDOWNER,ISPOSITIVE,LENGTH,MAXTYPE,MUSTBE,REQUIRED,PERSISTENT,PRIMARYKEYCOLSEQ,REMARKS,SAMEASATTRIBUTE,SAMEASOBJECT,SCALE,TITLE,USERDEFINED,SEARCHTYPE,MLSUPPORTED,MLINUSE,HANDLECOLUMNNAME,MAXATTRIBUTEID,LOCALIZABLE,RESTRICTED,TEXTDIRECTION,COMPLEXEXPRESSION) Values ('LEAVELINE','LEAVELINEID','LEAVELINEID','',1,0,'','LEAVELINEID','','',0,'LEAVELINE',0,0,0,12,'INTEGER',1,1,1,1,'唯一标识，系统自动生成，不要改。','','',0,'标识',1,'EXACT',0,0,null,MAXATTRIBUTESEQ.nextval,0,0,null,null);
insert into  maxattributecfg (OBJECTNAME,ATTRIBUTENAME,ALIAS,AUTOKEYNAME,ATTRIBUTENO,CANAUTONUM,CLASSNAME,COLUMNNAME,DEFAULTVALUE,DOMAINID,EAUDITENABLED,ENTITYNAME,ESIGENABLED,ISLDOWNER,ISPOSITIVE,LENGTH,MAXTYPE,MUSTBE,REQUIRED,PERSISTENT,PRIMARYKEYCOLSEQ,REMARKS,SAMEASATTRIBUTE,SAMEASOBJECT,SCALE,TITLE,USERDEFINED,CHANGED,SEARCHTYPE,MLSUPPORTED,MLINUSE,HANDLECOLUMNNAME,MAXATTRIBUTEID,RESTRICTED,LOCALIZABLE,TEXTDIRECTION,COMPLEXEXPRESSION) Values ('LEAVELINE','LEAVELINEID','LEAVELINEID','',1,0,'','LEAVELINEID','','',0,'LEAVELINE',0,0,0,12,'INTEGER',1,1,1,1,'唯一标识，系统自动生成，不要改。','','',0,'标识',1,'N','EXACT',0,0,null,MAXATTRIBUTECFGSEQ.nextval,0,0,null,null);
insert into  maxattribute    (OBJECTNAME,ATTRIBUTENAME,ALIAS,AUTOKEYNAME,ATTRIBUTENO,CANAUTONUM,CLASSNAME,COLUMNNAME,DEFAULTVALUE,DOMAINID,EAUDITENABLED,ENTITYNAME,ESIGENABLED,ISLDOWNER,ISPOSITIVE,LENGTH,MAXTYPE,MUSTBE,REQUIRED,PERSISTENT,PRIMARYKEYCOLSEQ,REMARKS,SAMEASATTRIBUTE,SAMEASOBJECT,SCALE,TITLE,USERDEFINED,SEARCHTYPE,MLSUPPORTED,MLINUSE,HANDLECOLUMNNAME,MAXATTRIBUTEID,LOCALIZABLE,RESTRICTED,TEXTDIRECTION,COMPLEXEXPRESSION) Values ('LEAVELINE','LEAVENUM','LEAVENUM','',2,0,'','LEAVENUM','','',0,'LEAVELINE',0,0,0,12,'UPPER',0,0,1,null,'=Leave.LeaveNum','LEAVENUM','LEAVE',0,'请假标识',1,'WILDCARD',0,0,null,MAXATTRIBUTESEQ.nextval,0,0,null,null);
insert into  maxattributecfg (OBJECTNAME,ATTRIBUTENAME,ALIAS,AUTOKEYNAME,ATTRIBUTENO,CANAUTONUM,CLASSNAME,COLUMNNAME,DEFAULTVALUE,DOMAINID,EAUDITENABLED,ENTITYNAME,ESIGENABLED,ISLDOWNER,ISPOSITIVE,LENGTH,MAXTYPE,MUSTBE,REQUIRED,PERSISTENT,PRIMARYKEYCOLSEQ,REMARKS,SAMEASATTRIBUTE,SAMEASOBJECT,SCALE,TITLE,USERDEFINED,CHANGED,SEARCHTYPE,MLSUPPORTED,MLINUSE,HANDLECOLUMNNAME,MAXATTRIBUTEID,RESTRICTED,LOCALIZABLE,TEXTDIRECTION,COMPLEXEXPRESSION) Values ('LEAVELINE','LEAVENUM','LEAVENUM','',2,0,'','LEAVENUM','','',0,'LEAVELINE',0,0,0,12,'UPPER',0,0,1,null,'=Leave.LeaveNum','LEAVENUM','LEAVE',0,'请假标识',1,'N','WILDCARD',0,0,null,MAXATTRIBUTECFGSEQ.nextval,0,0,null,null);
insert into  maxattribute    (OBJECTNAME,ATTRIBUTENAME,ALIAS,AUTOKEYNAME,ATTRIBUTENO,CANAUTONUM,CLASSNAME,COLUMNNAME,DEFAULTVALUE,DOMAINID,EAUDITENABLED,ENTITYNAME,ESIGENABLED,ISLDOWNER,ISPOSITIVE,LENGTH,MAXTYPE,MUSTBE,REQUIRED,PERSISTENT,PRIMARYKEYCOLSEQ,REMARKS,SAMEASATTRIBUTE,SAMEASOBJECT,SCALE,TITLE,USERDEFINED,SEARCHTYPE,MLSUPPORTED,MLINUSE,HANDLECOLUMNNAME,MAXATTRIBUTEID,LOCALIZABLE,RESTRICTED,TEXTDIRECTION,COMPLEXEXPRESSION) Values ('LEAVELINE','LEAVETYPE','LEAVETYPE','',3,0,'','LEAVETYPE','','LEAVETYPE',0,'LEAVELINE',0,0,0,12,'UPPER',0,0,1,null,'值列表=LeaveType','','',0,'假别',1,'WILDCARD',0,0,null,MAXATTRIBUTESEQ.nextval,0,0,null,null);
insert into  maxattributecfg (OBJECTNAME,ATTRIBUTENAME,ALIAS,AUTOKEYNAME,ATTRIBUTENO,CANAUTONUM,CLASSNAME,COLUMNNAME,DEFAULTVALUE,DOMAINID,EAUDITENABLED,ENTITYNAME,ESIGENABLED,ISLDOWNER,ISPOSITIVE,LENGTH,MAXTYPE,MUSTBE,REQUIRED,PERSISTENT,PRIMARYKEYCOLSEQ,REMARKS,SAMEASATTRIBUTE,SAMEASOBJECT,SCALE,TITLE,USERDEFINED,CHANGED,SEARCHTYPE,MLSUPPORTED,MLINUSE,HANDLECOLUMNNAME,MAXATTRIBUTEID,RESTRICTED,LOCALIZABLE,TEXTDIRECTION,COMPLEXEXPRESSION) Values ('LEAVELINE','LEAVETYPE','LEAVETYPE','',3,0,'','LEAVETYPE','','LEAVETYPE',0,'LEAVELINE',0,0,0,12,'UPPER',0,0,1,null,'值列表=LeaveType','','',0,'假别',1,'N','WILDCARD',0,0,null,MAXATTRIBUTECFGSEQ.nextval,0,0,null,null);
insert into  maxattribute    (OBJECTNAME,ATTRIBUTENAME,ALIAS,AUTOKEYNAME,ATTRIBUTENO,CANAUTONUM,CLASSNAME,COLUMNNAME,DEFAULTVALUE,DOMAINID,EAUDITENABLED,ENTITYNAME,ESIGENABLED,ISLDOWNER,ISPOSITIVE,LENGTH,MAXTYPE,MUSTBE,REQUIRED,PERSISTENT,PRIMARYKEYCOLSEQ,REMARKS,SAMEASATTRIBUTE,SAMEASOBJECT,SCALE,TITLE,USERDEFINED,SEARCHTYPE,MLSUPPORTED,MLINUSE,HANDLECOLUMNNAME,MAXATTRIBUTEID,LOCALIZABLE,RESTRICTED,TEXTDIRECTION,COMPLEXEXPRESSION) Values ('LEAVELINE','BEGINDATE','BEGINDATE','',4,0,'','BEGINDATE','&SYSDATE&','',0,'LEAVELINE',0,0,0,4,'DATE',0,0,1,null,'默认为Sysdate','','',0,'开始日期',1,'EXACT',0,0,null,MAXATTRIBUTESEQ.nextval,0,0,null,null);
insert into  maxattributecfg (OBJECTNAME,ATTRIBUTENAME,ALIAS,AUTOKEYNAME,ATTRIBUTENO,CANAUTONUM,CLASSNAME,COLUMNNAME,DEFAULTVALUE,DOMAINID,EAUDITENABLED,ENTITYNAME,ESIGENABLED,ISLDOWNER,ISPOSITIVE,LENGTH,MAXTYPE,MUSTBE,REQUIRED,PERSISTENT,PRIMARYKEYCOLSEQ,REMARKS,SAMEASATTRIBUTE,SAMEASOBJECT,SCALE,TITLE,USERDEFINED,CHANGED,SEARCHTYPE,MLSUPPORTED,MLINUSE,HANDLECOLUMNNAME,MAXATTRIBUTEID,RESTRICTED,LOCALIZABLE,TEXTDIRECTION,COMPLEXEXPRESSION) Values ('LEAVELINE','BEGINDATE','BEGINDATE','',4,0,'','BEGINDATE','&SYSDATE&','',0,'LEAVELINE',0,0,0,4,'DATE',0,0,1,null,'默认为Sysdate','','',0,'开始日期',1,'N','EXACT',0,0,null,MAXATTRIBUTECFGSEQ.nextval,0,0,null,null);
insert into  maxattribute    (OBJECTNAME,ATTRIBUTENAME,ALIAS,AUTOKEYNAME,ATTRIBUTENO,CANAUTONUM,CLASSNAME,COLUMNNAME,DEFAULTVALUE,DOMAINID,EAUDITENABLED,ENTITYNAME,ESIGENABLED,ISLDOWNER,ISPOSITIVE,LENGTH,MAXTYPE,MUSTBE,REQUIRED,PERSISTENT,PRIMARYKEYCOLSEQ,REMARKS,SAMEASATTRIBUTE,SAMEASOBJECT,SCALE,TITLE,USERDEFINED,SEARCHTYPE,MLSUPPORTED,MLINUSE,HANDLECOLUMNNAME,MAXATTRIBUTEID,LOCALIZABLE,RESTRICTED,TEXTDIRECTION,COMPLEXEXPRESSION) Values ('LEAVELINE','ENDDATE','ENDDATE','',5,0,'','ENDDATE','','',0,'LEAVELINE',0,0,0,4,'DATE',0,0,1,null,'无','','',0,'结束日期',1,'EXACT',0,0,null,MAXATTRIBUTESEQ.nextval,0,0,null,null);
insert into  maxattributecfg (OBJECTNAME,ATTRIBUTENAME,ALIAS,AUTOKEYNAME,ATTRIBUTENO,CANAUTONUM,CLASSNAME,COLUMNNAME,DEFAULTVALUE,DOMAINID,EAUDITENABLED,ENTITYNAME,ESIGENABLED,ISLDOWNER,ISPOSITIVE,LENGTH,MAXTYPE,MUSTBE,REQUIRED,PERSISTENT,PRIMARYKEYCOLSEQ,REMARKS,SAMEASATTRIBUTE,SAMEASOBJECT,SCALE,TITLE,USERDEFINED,CHANGED,SEARCHTYPE,MLSUPPORTED,MLINUSE,HANDLECOLUMNNAME,MAXATTRIBUTEID,RESTRICTED,LOCALIZABLE,TEXTDIRECTION,COMPLEXEXPRESSION) Values ('LEAVELINE','ENDDATE','ENDDATE','',5,0,'','ENDDATE','','',0,'LEAVELINE',0,0,0,4,'DATE',0,0,1,null,'无','','',0,'结束日期',1,'N','EXACT',0,0,null,MAXATTRIBUTECFGSEQ.nextval,0,0,null,null);
insert into  maxattribute    (OBJECTNAME,ATTRIBUTENAME,ALIAS,AUTOKEYNAME,ATTRIBUTENO,CANAUTONUM,CLASSNAME,COLUMNNAME,DEFAULTVALUE,DOMAINID,EAUDITENABLED,ENTITYNAME,ESIGENABLED,ISLDOWNER,ISPOSITIVE,LENGTH,MAXTYPE,MUSTBE,REQUIRED,PERSISTENT,PRIMARYKEYCOLSEQ,REMARKS,SAMEASATTRIBUTE,SAMEASOBJECT,SCALE,TITLE,USERDEFINED,SEARCHTYPE,MLSUPPORTED,MLINUSE,HANDLECOLUMNNAME,MAXATTRIBUTEID,LOCALIZABLE,RESTRICTED,TEXTDIRECTION,COMPLEXEXPRESSION) Values ('LEAVELINE','SITEID','SITEID','',6,0,'psdi.app.site.FldSiteID','SITEID','','',0,'LEAVELINE',0,0,0,8,'UPPER',0,0,1,null,'= SITE. SITEID','SITEID','SITE',0,'地点标识符',1,'WILDCARD',0,0,null,MAXATTRIBUTESEQ.nextval,0,0,null,null);
insert into  maxattributecfg (OBJECTNAME,ATTRIBUTENAME,ALIAS,AUTOKEYNAME,ATTRIBUTENO,CANAUTONUM,CLASSNAME,COLUMNNAME,DEFAULTVALUE,DOMAINID,EAUDITENABLED,ENTITYNAME,ESIGENABLED,ISLDOWNER,ISPOSITIVE,LENGTH,MAXTYPE,MUSTBE,REQUIRED,PERSISTENT,PRIMARYKEYCOLSEQ,REMARKS,SAMEASATTRIBUTE,SAMEASOBJECT,SCALE,TITLE,USERDEFINED,CHANGED,SEARCHTYPE,MLSUPPORTED,MLINUSE,HANDLECOLUMNNAME,MAXATTRIBUTEID,RESTRICTED,LOCALIZABLE,TEXTDIRECTION,COMPLEXEXPRESSION) Values ('LEAVELINE','SITEID','SITEID','',6,0,'psdi.app.site.FldSiteID','SITEID','','',0,'LEAVELINE',0,0,0,8,'UPPER',0,0,1,null,'= SITE. SITEID','SITEID','SITE',0,'地点标识符',1,'N','WILDCARD',0,0,null,MAXATTRIBUTECFGSEQ.nextval,0,0,null,null);
insert into  maxattribute    (OBJECTNAME,ATTRIBUTENAME,ALIAS,AUTOKEYNAME,ATTRIBUTENO,CANAUTONUM,CLASSNAME,COLUMNNAME,DEFAULTVALUE,DOMAINID,EAUDITENABLED,ENTITYNAME,ESIGENABLED,ISLDOWNER,ISPOSITIVE,LENGTH,MAXTYPE,MUSTBE,REQUIRED,PERSISTENT,PRIMARYKEYCOLSEQ,REMARKS,SAMEASATTRIBUTE,SAMEASOBJECT,SCALE,TITLE,USERDEFINED,SEARCHTYPE,MLSUPPORTED,MLINUSE,HANDLECOLUMNNAME,MAXATTRIBUTEID,LOCALIZABLE,RESTRICTED,TEXTDIRECTION,COMPLEXEXPRESSION) Values ('LEAVELINE','ORGID','ORGID','',7,0,'psdi.app.site.FldOrganizationID','ORGID','','',0,'LEAVELINE',0,0,0,8,'UPPER',0,0,1,null,'= ORGANIZATION. ORGID','ORGID','ORGANIZATION',0,'组织机构',1,'WILDCARD',0,0,null,MAXATTRIBUTESEQ.nextval,0,0,null,null);
insert into  maxattributecfg (OBJECTNAME,ATTRIBUTENAME,ALIAS,AUTOKEYNAME,ATTRIBUTENO,CANAUTONUM,CLASSNAME,COLUMNNAME,DEFAULTVALUE,DOMAINID,EAUDITENABLED,ENTITYNAME,ESIGENABLED,ISLDOWNER,ISPOSITIVE,LENGTH,MAXTYPE,MUSTBE,REQUIRED,PERSISTENT,PRIMARYKEYCOLSEQ,REMARKS,SAMEASATTRIBUTE,SAMEASOBJECT,SCALE,TITLE,USERDEFINED,CHANGED,SEARCHTYPE,MLSUPPORTED,MLINUSE,HANDLECOLUMNNAME,MAXATTRIBUTEID,RESTRICTED,LOCALIZABLE,TEXTDIRECTION,COMPLEXEXPRESSION) Values ('LEAVELINE','ORGID','ORGID','',7,0,'psdi.app.site.FldOrganizationID','ORGID','','',0,'LEAVELINE',0,0,0,8,'UPPER',0,0,1,null,'= ORGANIZATION. ORGID','ORGID','ORGANIZATION',0,'组织机构',1,'N','WILDCARD',0,0,null,MAXATTRIBUTECFGSEQ.nextval,0,0,null,null);
--maxsysindexes,maxsyskeys
insert into  maxsysindexes (NAME,TBNAME,UNIQUERULE,CHANGED,CLUSTERRULE,STORAGEPARTITION,REQUIRED,TEXTSEARCH,MAXSYSINDEXESID) Values ('LEAVELINE_NDX1','LEAVELINE','U','N',0,'MAXIMO_INDEX',1,0,MAXSYSINDEXESSEQ.nextval);
insert into  maxsyskeys (IXNAME,COLNAME,COLSEQ,ORDERING,CHANGED,MAXSYSKEYSID) Values ('LEAVELINE_NDX1','LEAVELINEID',1,'A','N',MAXSYSKEYSSEQ.nextval);
Drop Index LEAVELINE_NDX1;
Create  UNIQUE  Index LEAVELINE_NDX1 ON LEAVELINE(LEAVELINEID);

--maxrelationship
insert into  maxrelationship (NAME, PARENT, CHILD, WHERECLAUSE, REMARKS, MAXRELATIONSHIPID,  CARDINALITY, DBJOINREQUIRED)values ('LEAVELINELEAVENUM', 'LEAVELINE', 'LEAVE', 'LEAVENUM = :LEAVENUM ', 'WordToSql工具自动生成。', MAXRELATIONSHIPSEQ.Nextval, '未定义', 0);
insert into  maxrelationship (NAME, PARENT, CHILD, WHERECLAUSE, REMARKS, MAXRELATIONSHIPID,  CARDINALITY, DBJOINREQUIRED)values ('LEAVELINELEAVENUMP', 'LEAVE', 'LEAVELINE', 'LEAVENUM = :LEAVENUM ', 'WordToSql工具自动生成P。', MAXRELATIONSHIPSEQ.Nextval, '未定义', 0);
insert into  maxrelationship (NAME, PARENT, CHILD, WHERECLAUSE, REMARKS, MAXRELATIONSHIPID,  CARDINALITY, DBJOINREQUIRED)values ('LEAVETYPEDESC', 'LEAVELINE', 'ALNDOMAIN', 'domainid=''LEAVETYPE'' and value=:LEAVETYPE', 'WordToSql工具自动生成。', MAXRELATIONSHIPSEQ.Nextval, '未定义', 0);
insert into  maxrelationship (NAME, PARENT, CHILD, WHERECLAUSE, REMARKS, MAXRELATIONSHIPID,  CARDINALITY, DBJOINREQUIRED)values ('LEAVELINESITEID', 'LEAVELINE', 'SITE', 'SITEID = :SITEID ', 'WordToSql工具自动生成。', MAXRELATIONSHIPSEQ.Nextval, '未定义', 0);
insert into  maxrelationship (NAME, PARENT, CHILD, WHERECLAUSE, REMARKS, MAXRELATIONSHIPID,  CARDINALITY, DBJOINREQUIRED)values ('LEAVELINESITEIDP', 'SITE', 'LEAVELINE', 'SITEID = :SITEID ', 'WordToSql工具自动生成P。', MAXRELATIONSHIPSEQ.Nextval, '未定义', 0);
insert into  maxrelationship (NAME, PARENT, CHILD, WHERECLAUSE, REMARKS, MAXRELATIONSHIPID,  CARDINALITY, DBJOINREQUIRED)values ('LEAVELINEORGID', 'LEAVELINE', 'ORGANIZATION', 'ORGID = :ORGID ', 'WordToSql工具自动生成。', MAXRELATIONSHIPSEQ.Nextval, '未定义', 0);
insert into  maxrelationship (NAME, PARENT, CHILD, WHERECLAUSE, REMARKS, MAXRELATIONSHIPID,  CARDINALITY, DBJOINREQUIRED)values ('LEAVELINEORGIDP', 'ORGANIZATION', 'LEAVELINE', 'ORGID = :ORGID ', 'WordToSql工具自动生成P。', MAXRELATIONSHIPSEQ.Nextval, '未定义', 0);
--maxsequence
insert into  maxsequence (RANGE,NAME,MAXVALUE,TBNAME,SEQUENCENAME,MAXRESERVED,MAXSEQUENCEID) Values (null,'LEAVELINEID',null,'LEAVELINE','LEAVELINEIDSEQ',1,MAXSEQUENCESEQ.nextval);
Drop Sequence LEAVELINEIDSEQ;
Create Sequence LEAVELINEIDSEQ minvalue 1 maxvalue 999999999999999 start with 1 increment by 1 cache  20;
--Drop Index LEAVELINE_NDX;
--Create  unique  Index LEAVELINE_NDX On LEAVELINE (LEAVELINEID);
--autokey


--删除值列表--
delete from maxdomain     where domainid='LEAVETYPE';
delete from ALNDOMAIN     where domainid='LEAVETYPE';
delete from maxdomain     where domainid='LEAVESTATUS';
delete from SYNONYMDOMAIN where domainid='LEAVESTATUS';


--值列表:LEAVETYPE,假别
insert into  maxdomain (DOMAINID,DESCRIPTION,DOMAINTYPE,MAXTYPE,LENGTH,SCALE,MAXDOMAINID,INTERNAL) Values ('LEAVETYPE','假别','字母数字','UPPER',20,0,MAXDOMAINSEQ.nextval,0);
insert into  ALNDOMAIN (DOMAINID,VALUE,DESCRIPTION,SITEID,ORGID,ALNDOMAINID,VALUEID) Values ('LEAVETYPE','STH','事假',null,null,ALNDOMAINSEQ.nextval,'LEAVETYPE|STH');
insert into  ALNDOMAIN (DOMAINID,VALUE,DESCRIPTION,SITEID,ORGID,ALNDOMAINID,VALUEID) Values ('LEAVETYPE','SICK','病假',null,null,ALNDOMAINSEQ.nextval,'LEAVETYPE|SICK');
insert into  ALNDOMAIN (DOMAINID,VALUE,DESCRIPTION,SITEID,ORGID,ALNDOMAINID,VALUEID) Values ('LEAVETYPE','MATERNITY','产假',null,null,ALNDOMAINSEQ.nextval,'LEAVETYPE|MATERNITY');
insert into  ALNDOMAIN (DOMAINID,VALUE,DESCRIPTION,SITEID,ORGID,ALNDOMAINID,VALUEID) Values ('LEAVETYPE','YEAR','年假',null,null,ALNDOMAINSEQ.nextval,'LEAVETYPE|YEAR');
--值列表:LEAVESTATUS,请假管理工作流状态
insert into  maxdomain (DOMAINID,DESCRIPTION,DOMAINTYPE,MAXTYPE,LENGTH,SCALE,MAXDOMAINID,INTERNAL) Values ('LEAVESTATUS','请假管理工作流状态','同义词','UPPER',20,0,MAXDOMAINSEQ.nextval,0);
insert into  SYNONYMDOMAIN (DOMAINID,MAXVALUE,VALUE,DESCRIPTION,DEFAULTS,SITEID,ORGID,SYNONYMDOMAINID,VALUEID) Values ('LEAVESTATUS','WAPPR','WAPPR','等待批准',1,null,null,SYNONYMDOMAINSEQ.nextval,'LEAVESTATUS|WAPPR');
insert into  SYNONYMDOMAIN (DOMAINID,MAXVALUE,VALUE,DESCRIPTION,DEFAULTS,SITEID,ORGID,SYNONYMDOMAINID,VALUEID) Values ('LEAVESTATUS','INPRG','INPRG','进行中',1,null,null,SYNONYMDOMAINSEQ.nextval,'LEAVESTATUS|INPRG');
insert into  SYNONYMDOMAIN (DOMAINID,MAXVALUE,VALUE,DESCRIPTION,DEFAULTS,SITEID,ORGID,SYNONYMDOMAINID,VALUEID) Values ('LEAVESTATUS','APPR','APPR','已批准',1,null,null,SYNONYMDOMAINSEQ.nextval,'LEAVESTATUS|APPR');
insert into  SYNONYMDOMAIN (DOMAINID,MAXVALUE,VALUE,DESCRIPTION,DEFAULTS,SITEID,ORGID,SYNONYMDOMAINID,VALUEID) Values ('LEAVESTATUS','COMP','COMP','已完成',1,null,null,SYNONYMDOMAINSEQ.nextval,'LEAVESTATUS|COMP');
insert into  SYNONYMDOMAIN (DOMAINID,MAXVALUE,VALUE,DESCRIPTION,DEFAULTS,SITEID,ORGID,SYNONYMDOMAINID,VALUEID) Values ('LEAVESTATUS','CAN','CAN','已取消',1,null,null,SYNONYMDOMAINSEQ.nextval,'LEAVESTATUS|CAN');
insert into  SYNONYMDOMAIN (DOMAINID,MAXVALUE,VALUE,DESCRIPTION,DEFAULTS,SITEID,ORGID,SYNONYMDOMAINID,VALUEID) Values ('LEAVESTATUS','CLOSE','CLOSE','关闭',1,null,null,SYNONYMDOMAINSEQ.nextval,'LEAVESTATUS|CLOSE');



--生成应用程序:请假管理：LEAVE
delete from maxapps where app='LEAVE';
insert into maxapps (maxappsid, app, description, apptype, parent, MAINTBNAME, APPURL)VALUES(maxappsidseq.nextval, 'LEAVE' ,'请假管理', 'APP', 'COMPLEX', 'LEAVE', 'LEAVE/index.action');


--生成应用程序菜单:请假管理：LEAVE
delete from maxmenu where app = 'LEAVE';


-------------------------


----------commit-----------
commit;

spool off

set feedback ON
